source,target,lag,count,B,freq,mean_val,tau_max,pc_alpha,alpha_level,fdr,block_len,seed,max_conds_dim,max_conds_px,max_conds_py,parent_restrict,topk_fast,topk_growth,ar_fast,ar_growth,growth_target,delta_7d_lag_points
delta_mass_7d,delta_mass_7d,1,30,30,1.0,0.7115000694308389,288,0.1,0.1,False,144,20260211,,,,True,30,30,3,1,delta_mass_7d,1008
compartment/leaf_temperature,compartment/leaf_temperature,1,30,30,1.0,0.5811714088651703,288,0.1,0.1,False,144,20260211,,,,True,30,30,3,1,delta_mass_7d,1008
compartment/leaf_temperature,compartment/air_temperature,1,30,30,1.0,0.10207047157047026,288,0.1,0.1,False,144,20260211,,,,True,30,30,3,1,delta_mass_7d,1008
compartment/air_temperature,compartment/air_temperature,1,30,30,1.0,0.6896036150520126,288,0.1,0.1,False,144,20260211,,,,True,30,30,3,1,delta_mass_7d,1008
substrate_temperature_mean,compartment/air_temperature,1,30,30,1.0,0.07324390933071252,288,0.1,0.1,False,144,20260211,,,,True,30,30,3,1,delta_mass_7d,1008
compartment/screen_energy/screen_position,compartment/air_temperature,2,30,30,1.0,-0.08293770908255109,288,0.1,0.1,False,144,20260211,,,,True,30,30,3,1,delta_mass_7d,1008
compartment/window_position_lee_side,compartment/air_temperature,1,30,30,1.0,0.13014394125594347,288,0.1,0.1,False,144,20260211,,,,True,30,30,3,1,delta_mass_7d,1008
compartment/window_position_wind_side,compartment/air_temperature,1,30,30,1.0,0.1423892470511529,288,0.1,0.1,False,144,20260211,,,,True,30,30,3,1,delta_mass_7d,1008
compartment/humidity_deficit,compartment/humidity_deficit,1,30,30,1.0,0.6322429537142346,288,0.1,0.1,False,144,20260211,,,,True,30,30,3,1,delta_mass_7d,1008
energy/energy_use.heating,compartment/humidity_deficit,1,30,30,1.0,-0.0645567274699729,288,0.1,0.1,False,144,20260211,,,,True,30,30,3,1,delta_mass_7d,1008
compartment/screen_energy/screen_position,compartment/humidity_deficit,1,30,30,1.0,-0.04874784435562107,288,0.1,0.1,False,144,20260211,,,,True,30,30,3,1,delta_mass_7d,1008
compartment/screen_blackout/screen_position,compartment/humidity_deficit,2,30,30,1.0,-0.04289948907751035,288,0.1,0.1,False,144,20260211,,,,True,30,30,3,1,delta_mass_7d,1008
compartment/heating_lower_circuit/pipe_temperature,compartment/humidity_deficit,1,30,30,1.0,-0.07814161153945713,288,0.1,0.1,False,144,20260211,,,,True,30,30,3,1,delta_mass_7d,1008
compartment/co2_concentration,compartment/co2_concentration,1,30,30,1.0,0.7555544375690745,288,0.1,0.1,False,144,20260211,,,,True,30,30,3,1,delta_mass_7d,1008
compartment/co2_concentration,compartment/co2_concentration,2,30,30,1.0,-0.1565227774711579,288,0.1,0.1,False,144,20260211,,,,True,30,30,3,1,delta_mass_7d,1008
compartment/humidity_deficit,compartment/par,1,30,30,1.0,0.21317019030332265,288,0.1,0.1,False,144,20260211,,,,True,30,30,3,1,delta_mass_7d,1008
compartment/par,compartment/par,1,30,30,1.0,0.572029227293788,288,0.1,0.1,False,144,20260211,,,,True,30,30,3,1,delta_mass_7d,1008
energy/co2_dosage,compartment/par,1,30,30,1.0,0.08584902129225681,288,0.1,0.1,False,144,20260211,,,,True,30,30,3,1,delta_mass_7d,1008
substrate_relative_permittivity_mean,substrate_relative_permittivity_mean,1,30,30,1.0,0.6847344410606945,288,0.1,0.1,False,144,20260211,,,,True,30,30,3,1,delta_mass_7d,1008
substrate_bulk_ec_mean,substrate_bulk_ec_mean,1,30,30,1.0,0.6664999445957284,288,0.1,0.1,False,144,20260211,,,,True,30,30,3,1,delta_mass_7d,1008
substrate_temperature_mean,substrate_temperature_mean,1,30,30,1.0,0.6017315983209925,288,0.1,0.1,False,144,20260211,,,,True,30,30,3,1,delta_mass_7d,1008
energy/energy_use.heating,energy/energy_use.heating,1,30,30,1.0,0.7067543928919746,288,0.1,0.1,False,144,20260211,,,,True,30,30,3,1,delta_mass_7d,1008
energy/energy_use.heating,energy/energy_use.heating,2,30,30,1.0,-0.20704786213203102,288,0.1,0.1,False,144,20260211,,,,True,30,30,3,1,delta_mass_7d,1008
energy/electricity_use.lighting,energy/electricity_use.lighting,1,30,30,1.0,0.7514952824548528,288,0.1,0.1,False,144,20260211,,,,True,30,30,3,1,delta_mass_7d,1008
energy/electricity_use.lighting,energy/electricity_use.lighting,2,30,30,1.0,-0.11496138264450668,288,0.1,0.1,False,144,20260211,,,,True,30,30,3,1,delta_mass_7d,1008
compartment/par,energy/co2_dosage,1,30,30,1.0,0.0327627975418666,288,0.1,0.1,False,144,20260211,,,,True,30,30,3,1,delta_mass_7d,1008
energy/co2_dosage,energy/co2_dosage,1,30,30,1.0,0.4727425516727,288,0.1,0.1,False,144,20260211,,,,True,30,30,3,1,delta_mass_7d,1008
energy/co2_dosage,energy/co2_dosage,3,30,30,1.0,0.05272176252421696,288,0.1,0.1,False,144,20260211,,,,True,30,30,3,1,delta_mass_7d,1008
energy/co2_dosage,compartment/screen_energy/screen_position,1,30,30,1.0,-0.068874276681723,288,0.1,0.1,False,144,20260211,,,,True,30,30,3,1,delta_mass_7d,1008
compartment/screen_energy/screen_position,compartment/screen_energy/screen_position,1,30,30,1.0,0.7429251165161744,288,0.1,0.1,False,144,20260211,,,,True,30,30,3,1,delta_mass_7d,1008
compartment/screen_energy/screen_position,compartment/screen_energy/screen_position,2,30,30,1.0,-0.19420642155537385,288,0.1,0.1,False,144,20260211,,,,True,30,30,3,1,delta_mass_7d,1008
compartment/screen_blackout/screen_position,compartment/screen_blackout/screen_position,1,30,30,1.0,0.7595892630393237,288,0.1,0.1,False,144,20260211,,,,True,30,30,3,1,delta_mass_7d,1008
compartment/screen_blackout/screen_position,compartment/screen_blackout/screen_position,2,30,30,1.0,-0.18244865917948247,288,0.1,0.1,False,144,20260211,,,,True,30,30,3,1,delta_mass_7d,1008
compartment/water_supply/water_flow_duration,compartment/water_supply/water_flow_duration,1,30,30,1.0,0.7712763221807684,288,0.1,0.1,False,144,20260211,,,,True,30,30,3,1,delta_mass_7d,1008
compartment/water_supply/water_flow_duration,compartment/water_supply/water_flow_duration,2,30,30,1.0,-0.1767920022751893,288,0.1,0.1,False,144,20260211,,,,True,30,30,3,1,delta_mass_7d,1008
compartment/window_position_lee_side,compartment/window_position_lee_side,1,30,30,1.0,0.5656390182843151,288,0.1,0.1,False,144,20260211,,,,True,30,30,3,1,delta_mass_7d,1008
compartment/window_position_wind_side,compartment/window_position_wind_side,1,30,30,1.0,0.6545419805267099,288,0.1,0.1,False,144,20260211,,,,True,30,30,3,1,delta_mass_7d,1008
compartment/heating_lower_circuit/pipe_temperature,compartment/heating_lower_circuit/pipe_temperature,1,30,30,1.0,0.6450368743724112,288,0.1,0.1,False,144,20260211,,,,True,30,30,3,1,delta_mass_7d,1008
energy/energy_use.heating,energy/energy_use.heating,3,29,30,0.9666666666666667,0.04569949887053741,288,0.1,0.1,False,144,20260211,,,,True,30,30,3,1,delta_mass_7d,1008
compartment/screen_energy/screen_position,compartment/screen_energy/screen_position,3,29,30,0.9666666666666667,0.04622322386310438,288,0.1,0.1,False,144,20260211,,,,True,30,30,3,1,delta_mass_7d,1008
compartment/co2_concentration,compartment/window_position_lee_side,1,29,30,0.9666666666666667,-0.049546548721614306,288,0.1,0.1,False,144,20260211,,,,True,30,30,3,1,delta_mass_7d,1008
compartment/heating_lower_circuit/pipe_temperature,compartment/heating_lower_circuit/pipe_temperature,2,29,30,0.9666666666666667,-0.09322420619770296,288,0.1,0.1,False,144,20260211,,,,True,30,30,3,1,delta_mass_7d,1008
compartment/window_position_lee_side,compartment/air_temperature,2,28,30,0.9333333333333333,-0.06816663721942119,288,0.1,0.1,False,144,20260211,,,,True,30,30,3,1,delta_mass_7d,1008
compartment/window_position_wind_side,compartment/air_temperature,2,28,30,0.9333333333333333,-0.07415395772044091,288,0.1,0.1,False,144,20260211,,,,True,30,30,3,1,delta_mass_7d,1008
compartment/air_temperature,compartment/par,4,28,30,0.9333333333333333,0.0496530158144151,288,0.1,0.1,False,144,20260211,,,,True,30,30,3,1,delta_mass_7d,1008
compartment/humidity_deficit,compartment/par,2,28,30,0.9333333333333333,-0.06496850496294589,288,0.1,0.1,False,144,20260211,,,,True,30,30,3,1,delta_mass_7d,1008
compartment/par,compartment/par,3,28,30,0.9333333333333333,0.05279191807308572,288,0.1,0.1,False,144,20260211,,,,True,30,30,3,1,delta_mass_7d,1008
substrate_relative_permittivity_mean,substrate_relative_permittivity_mean,2,28,30,0.9333333333333333,0.048889534170920686,288,0.1,0.1,False,144,20260211,,,,True,30,30,3,1,delta_mass_7d,1008
compartment/humidity_deficit,compartment/screen_energy/screen_position,1,28,30,0.9333333333333333,-0.06249567532637947,288,0.1,0.1,False,144,20260211,,,,True,30,30,3,1,delta_mass_7d,1008
compartment/air_temperature,compartment/leaf_temperature,2,27,30,0.9,-0.06694536105860356,288,0.1,0.1,False,144,20260211,,,,True,30,30,3,1,delta_mass_7d,1008
compartment/par,compartment/par,2,27,30,0.9,0.0553316250179244,288,0.1,0.1,False,144,20260211,,,,True,30,30,3,1,delta_mass_7d,1008
compartment/water_supply/water_flow_duration,compartment/water_supply/water_flow_duration,3,27,30,0.9,0.03840560539221184,288,0.1,0.1,False,144,20260211,,,,True,30,30,3,1,delta_mass_7d,1008
energy/energy_use.heating,compartment/humidity_deficit,4,26,30,0.8666666666666667,0.03520338857495935,288,0.1,0.1,False,144,20260211,,,,True,30,30,3,1,delta_mass_7d,1008
compartment/screen_blackout/screen_position,compartment/humidity_deficit,1,26,30,0.8666666666666667,0.03435787815147957,288,0.1,0.1,False,144,20260211,,,,True,30,30,3,1,delta_mass_7d,1008
energy/co2_dosage,energy/co2_dosage,2,26,30,0.8666666666666667,0.04128614662579991,288,0.1,0.1,False,144,20260211,,,,True,30,30,3,1,delta_mass_7d,1008
compartment/humidity_deficit,compartment/par,3,25,30,0.8333333333333334,-0.05172873366421174,288,0.1,0.1,False,144,20260211,,,,True,30,30,3,1,delta_mass_7d,1008
energy/co2_dosage,compartment/screen_energy/screen_position,4,24,30,0.8,0.03553387677379343,288,0.1,0.1,False,144,20260211,,,,True,30,30,3,1,delta_mass_7d,1008
energy/electricity_use.lighting,compartment/screen_blackout/screen_position,11,24,30,0.8,0.026137881726891965,288,0.1,0.1,False,144,20260211,,,,True,30,30,3,1,delta_mass_7d,1008
compartment/co2_concentration,compartment/window_position_lee_side,2,23,30,0.7666666666666667,-0.05275069598048698,288,0.1,0.1,False,144,20260211,,,,True,30,30,3,1,delta_mass_7d,1008
energy/energy_use.heating,compartment/heating_lower_circuit/pipe_temperature,7,23,30,0.7666666666666667,0.047932197201690126,288,0.1,0.1,False,144,20260211,,,,True,30,30,3,1,delta_mass_7d,1008
compartment/heating_lower_circuit/pipe_temperature,energy/energy_use.heating,7,22,30,0.7333333333333333,0.04048885328312012,288,0.1,0.1,False,144,20260211,,,,True,30,30,3,1,delta_mass_7d,1008
compartment/par,compartment/screen_blackout/screen_position,1,20,30,0.6666666666666666,-0.030485605328739694,288,0.1,0.1,False,144,20260211,,,,True,30,30,3,1,delta_mass_7d,1008
compartment/heating_lower_circuit/pipe_temperature,compartment/humidity_deficit,4,18,30,0.6,0.025089758523692395,288,0.1,0.1,False,144,20260211,,,,True,30,30,3,1,delta_mass_7d,1008
compartment/window_position_wind_side,compartment/window_position_wind_side,3,18,30,0.6,0.03502735279948986,288,0.1,0.1,False,144,20260211,,,,True,30,30,3,1,delta_mass_7d,1008
compartment/leaf_temperature,compartment/par,7,18,30,0.6,0.05487225658413281,288,0.1,0.1,False,144,20260211,,,,True,30,30,3,1,delta_mass_7d,1008
substrate_temperature_mean,compartment/leaf_temperature,1,18,30,0.6,0.03568887773075551,288,0.1,0.1,False,144,20260211,,,,True,30,30,3,1,delta_mass_7d,1008
energy/energy_use.heating,compartment/heating_lower_circuit/pipe_temperature,2,18,30,0.6,0.08064805568095888,288,0.1,0.1,False,144,20260211,,,,True,30,30,3,1,delta_mass_7d,1008
compartment/air_temperature,compartment/air_temperature,2,17,30,0.5666666666666667,-0.047129545980047406,288,0.1,0.1,False,144,20260211,,,,True,30,30,3,1,delta_mass_7d,1008
compartment/air_temperature,compartment/air_temperature,3,17,30,0.5666666666666667,-0.03280238282589196,288,0.1,0.1,False,144,20260211,,,,True,30,30,3,1,delta_mass_7d,1008
compartment/screen_blackout/screen_position,compartment/screen_blackout/screen_position,3,17,30,0.5666666666666667,0.02390167087152509,288,0.1,0.1,False,144,20260211,,,,True,30,30,3,1,delta_mass_7d,1008
compartment/window_position_lee_side,compartment/window_position_wind_side,4,17,30,0.5666666666666667,0.03890596105252747,288,0.1,0.1,False,144,20260211,,,,True,30,30,3,1,delta_mass_7d,1008
compartment/par,compartment/air_temperature,1,17,30,0.5666666666666667,0.03024796962583253,288,0.1,0.1,False,144,20260211,,,,True,30,30,3,1,delta_mass_7d,1008
compartment/humidity_deficit,compartment/humidity_deficit,2,17,30,0.5666666666666667,0.09824106668699374,288,0.1,0.1,False,144,20260211,,,,True,30,30,3,1,delta_mass_7d,1008
compartment/co2_concentration,compartment/window_position_lee_side,5,17,30,0.5666666666666667,0.032108736163240746,288,0.1,0.1,False,144,20260211,,,,True,30,30,3,1,delta_mass_7d,1008
compartment/leaf_temperature,compartment/air_temperature,4,16,30,0.5333333333333333,-0.041211234407335866,288,0.1,0.1,False,144,20260211,,,,True,30,30,3,1,delta_mass_7d,1008
compartment/heating_lower_circuit/pipe_temperature,energy/energy_use.heating,2,16,30,0.5333333333333333,-0.04431806171715257,288,0.1,0.1,False,144,20260211,,,,True,30,30,3,1,delta_mass_7d,1008
compartment/water_supply/water_flow_duration,energy/electricity_use.lighting,2,16,30,0.5333333333333333,-0.031693870747251475,288,0.1,0.1,False,144,20260211,,,,True,30,30,3,1,delta_mass_7d,1008
energy/energy_use.heating,compartment/humidity_deficit,2,16,30,0.5333333333333333,-0.04051778701049736,288,0.1,0.1,False,144,20260211,,,,True,30,30,3,1,delta_mass_7d,1008
compartment/air_temperature,compartment/leaf_temperature,1,15,30,0.5,0.056988564525067814,288,0.1,0.1,False,144,20260211,,,,True,30,30,3,1,delta_mass_7d,1008
compartment/water_supply/water_flow_duration,compartment/humidity_deficit,5,15,30,0.5,0.02733238825848375,288,0.1,0.1,False,144,20260211,,,,True,30,30,3,1,delta_mass_7d,1008
compartment/co2_concentration,substrate_temperature_mean,1,15,30,0.5,0.047131014583569796,288,0.1,0.1,False,144,20260211,,,,True,30,30,3,1,delta_mass_7d,1008
compartment/heating_lower_circuit/pipe_temperature,energy/energy_use.heating,6,15,30,0.5,0.04073517218809804,288,0.1,0.1,False,144,20260211,,,,True,30,30,3,1,delta_mass_7d,1008
energy/energy_use.heating,compartment/humidity_deficit,5,15,30,0.5,0.02508194064126127,288,0.1,0.1,False,144,20260211,,,,True,30,30,3,1,delta_mass_7d,1008
energy/co2_dosage,compartment/par,7,15,30,0.5,0.028038754171858422,288,0.1,0.1,False,144,20260211,,,,True,30,30,3,1,delta_mass_7d,1008
compartment/par,compartment/air_temperature,3,14,30,0.4666666666666667,0.0007282530795670106,288,0.1,0.1,False,144,20260211,,,,True,30,30,3,1,delta_mass_7d,1008
compartment/heating_lower_circuit/pipe_temperature,energy/energy_use.heating,5,14,30,0.4666666666666667,0.04633045567382944,288,0.1,0.1,False,144,20260211,,,,True,30,30,3,1,delta_mass_7d,1008
compartment/screen_energy/screen_position,compartment/air_temperature,3,13,30,0.43333333333333335,0.02380951686108013,288,0.1,0.1,False,144,20260211,,,,True,30,30,3,1,delta_mass_7d,1008
compartment/screen_energy/screen_position,compartment/air_temperature,4,13,30,0.43333333333333335,0.03174634664382667,288,0.1,0.1,False,144,20260211,,,,True,30,30,3,1,delta_mass_7d,1008
compartment/heating_lower_circuit/pipe_temperature,compartment/humidity_deficit,3,13,30,0.43333333333333335,0.02351107274410929,288,0.1,0.1,False,144,20260211,,,,True,30,30,3,1,delta_mass_7d,1008
compartment/window_position_wind_side,compartment/window_position_lee_side,4,13,30,0.43333333333333335,0.03313456564227197,288,0.1,0.1,False,144,20260211,,,,True,30,30,3,1,delta_mass_7d,1008
substrate_bulk_ec_mean,substrate_bulk_ec_mean,2,13,30,0.43333333333333335,0.03640863805749448,288,0.1,0.1,False,144,20260211,,,,True,30,30,3,1,delta_mass_7d,1008
compartment/humidity_deficit,compartment/screen_energy/screen_position,2,13,30,0.43333333333333335,0.03338772717435859,288,0.1,0.1,False,144,20260211,,,,True,30,30,3,1,delta_mass_7d,1008
compartment/window_position_lee_side,compartment/window_position_wind_side,1,13,30,0.43333333333333335,0.0489130450121124,288,0.1,0.1,False,144,20260211,,,,True,30,30,3,1,delta_mass_7d,1008
energy/energy_use.heating,compartment/heating_lower_circuit/pipe_temperature,6,13,30,0.43333333333333335,0.032010539347389365,288,0.1,0.1,False,144,20260211,,,,True,30,30,3,1,delta_mass_7d,1008
energy/energy_use.heating,compartment/screen_blackout/screen_position,3,12,30,0.4,0.038414825555283826,288,0.1,0.1,False,144,20260211,,,,True,30,30,3,1,delta_mass_7d,1008
compartment/co2_concentration,compartment/window_position_lee_side,4,12,30,0.4,0.02989206086124707,288,0.1,0.1,False,144,20260211,,,,True,30,30,3,1,delta_mass_7d,1008
compartment/window_position_wind_side,compartment/window_position_wind_side,2,11,30,0.36666666666666664,-0.06307513698525777,288,0.1,0.1,False,144,20260211,,,,True,30,30,3,1,delta_mass_7d,1008
compartment/screen_energy/screen_position,compartment/humidity_deficit,3,11,30,0.36666666666666664,0.02505180345034447,288,0.1,0.1,False,144,20260211,,,,True,30,30,3,1,delta_mass_7d,1008
compartment/par,energy/co2_dosage,5,11,30,0.36666666666666664,0.03099587528522645,288,0.1,0.1,False,144,20260211,,,,True,30,30,3,1,delta_mass_7d,1008
compartment/humidity_deficit,compartment/humidity_deficit,3,10,30,0.3333333333333333,-0.0028714306551645015,288,0.1,0.1,False,144,20260211,,,,True,30,30,3,1,delta_mass_7d,1008
compartment/humidity_deficit,compartment/par,9,10,30,0.3333333333333333,-0.027259213554028005,288,0.1,0.1,False,144,20260211,,,,True,30,30,3,1,delta_mass_7d,1008
energy/co2_dosage,compartment/screen_blackout/screen_position,1,10,30,0.3333333333333333,-0.021717379098747453,288,0.1,0.1,False,144,20260211,,,,True,30,30,3,1,delta_mass_7d,1008
compartment/leaf_temperature,compartment/air_temperature,3,9,30,0.3,-0.037464038331352076,288,0.1,0.1,False,144,20260211,,,,True,30,30,3,1,delta_mass_7d,1008
compartment/screen_energy/screen_position,compartment/humidity_deficit,2,9,30,0.3,0.024069569127941455,288,0.1,0.1,False,144,20260211,,,,True,30,30,3,1,delta_mass_7d,1008
compartment/water_supply/water_flow_duration,energy/electricity_use.lighting,1,9,30,0.3,0.024576589984283883,288,0.1,0.1,False,144,20260211,,,,True,30,30,3,1,delta_mass_7d,1008
compartment/leaf_temperature,compartment/screen_energy/screen_position,2,9,30,0.3,-0.027838295697553552,288,0.1,0.1,False,144,20260211,,,,True,30,30,3,1,delta_mass_7d,1008
energy/energy_use.heating,compartment/screen_blackout/screen_position,4,9,30,0.3,0.04184174628271403,288,0.1,0.1,False,144,20260211,,,,True,30,30,3,1,delta_mass_7d,1008
energy/energy_use.heating,compartment/humidity_deficit,3,9,30,0.3,0.029552193813276555,288,0.1,0.1,False,144,20260211,,,,True,30,30,3,1,delta_mass_7d,1008
compartment/screen_energy/screen_position,compartment/air_temperature,1,9,30,0.3,0.06572203874068655,288,0.1,0.1,False,144,20260211,,,,True,30,30,3,1,delta_mass_7d,1008
compartment/window_position_lee_side,compartment/window_position_lee_side,3,9,30,0.3,0.02112377980266342,288,0.1,0.1,False,144,20260211,,,,True,30,30,3,1,delta_mass_7d,1008
compartment/screen_energy/screen_position,compartment/air_temperature,5,9,30,0.3,0.026471269136841318,288,0.1,0.1,False,144,20260211,,,,True,30,30,3,1,delta_mass_7d,1008
compartment/heating_lower_circuit/pipe_temperature,compartment/screen_blackout/screen_position,5,8,30,0.26666666666666666,0.011846121112760146,288,0.1,0.1,False,144,20260211,,,,True,30,30,3,1,delta_mass_7d,1008
energy/energy_use.heating,compartment/heating_lower_circuit/pipe_temperature,8,8,30,0.26666666666666666,0.02929879132192557,288,0.1,0.1,False,144,20260211,,,,True,30,30,3,1,delta_mass_7d,1008
compartment/humidity_deficit,compartment/screen_blackout/screen_position,1,8,30,0.26666666666666666,-0.028767576253267625,288,0.1,0.1,False,144,20260211,,,,True,30,30,3,1,delta_mass_7d,1008
compartment/heating_lower_circuit/pipe_temperature,compartment/screen_blackout/screen_position,4,8,30,0.26666666666666666,0.047119640925128596,288,0.1,0.1,False,144,20260211,,,,True,30,30,3,1,delta_mass_7d,1008
energy/co2_dosage,compartment/screen_energy/screen_position,3,8,30,0.26666666666666666,-0.02823504638534477,288,0.1,0.1,False,144,20260211,,,,True,30,30,3,1,delta_mass_7d,1008
compartment/window_position_wind_side,compartment/leaf_temperature,3,8,30,0.26666666666666666,-0.036365993051731264,288,0.1,0.1,False,144,20260211,,,,True,30,30,3,1,delta_mass_7d,1008
compartment/heating_lower_circuit/pipe_temperature,compartment/screen_blackout/screen_position,2,8,30,0.26666666666666666,0.019120248751191914,288,0.1,0.1,False,144,20260211,,,,True,30,30,3,1,delta_mass_7d,1008
compartment/air_temperature,compartment/leaf_temperature,3,7,30,0.23333333333333334,0.03570108029974139,288,0.1,0.1,False,144,20260211,,,,True,30,30,3,1,delta_mass_7d,1008
energy/co2_dosage,compartment/par,2,7,30,0.23333333333333334,0.023057326036243088,288,0.1,0.1,False,144,20260211,,,,True,30,30,3,1,delta_mass_7d,1008
compartment/air_temperature,compartment/par,5,7,30,0.23333333333333334,-0.026991017507256607,288,0.1,0.1,False,144,20260211,,,,True,30,30,3,1,delta_mass_7d,1008
compartment/window_position_lee_side,compartment/window_position_wind_side,3,7,30,0.23333333333333334,0.018495746199350384,288,0.1,0.1,False,144,20260211,,,,True,30,30,3,1,delta_mass_7d,1008
energy/energy_use.heating,compartment/heating_lower_circuit/pipe_temperature,3,7,30,0.23333333333333334,-0.010646088017518358,288,0.1,0.1,False,144,20260211,,,,True,30,30,3,1,delta_mass_7d,1008
compartment/window_position_lee_side,compartment/leaf_temperature,2,7,30,0.23333333333333334,-0.024309628509717424,288,0.1,0.1,False,144,20260211,,,,True,30,30,3,1,delta_mass_7d,1008
compartment/window_position_wind_side,compartment/window_position_lee_side,10,7,30,0.23333333333333334,0.024518274404920878,288,0.1,0.1,False,144,20260211,,,,True,30,30,3,1,delta_mass_7d,1008
compartment/co2_concentration,substrate_temperature_mean,2,6,30,0.2,-0.035777769132621505,288,0.1,0.1,False,144,20260211,,,,True,30,30,3,1,delta_mass_7d,1008
compartment/par,energy/co2_dosage,3,6,30,0.2,0.02467302393599025,288,0.1,0.1,False,144,20260211,,,,True,30,30,3,1,delta_mass_7d,1008
energy/energy_use.heating,compartment/screen_blackout/screen_position,2,6,30,0.2,-0.02090810208150257,288,0.1,0.1,False,144,20260211,,,,True,30,30,3,1,delta_mass_7d,1008
compartment/heating_lower_circuit/pipe_temperature,compartment/screen_blackout/screen_position,3,6,30,0.2,0.03159182403223056,288,0.1,0.1,False,144,20260211,,,,True,30,30,3,1,delta_mass_7d,1008
compartment/leaf_temperature,compartment/air_temperature,11,6,30,0.2,-0.024411580034820968,288,0.1,0.1,False,144,20260211,,,,True,30,30,3,1,delta_mass_7d,1008
substrate_temperature_mean,compartment/air_temperature,2,6,30,0.2,-0.022346896543201305,288,0.1,0.1,False,144,20260211,,,,True,30,30,3,1,delta_mass_7d,1008
compartment/window_position_lee_side,compartment/window_position_lee_side,2,6,30,0.2,-0.0666748222176506,288,0.1,0.1,False,144,20260211,,,,True,30,30,3,1,delta_mass_7d,1008
compartment/heating_lower_circuit/pipe_temperature,energy/energy_use.heating,4,6,30,0.2,0.005991557997501329,288,0.1,0.1,False,144,20260211,,,,True,30,30,3,1,delta_mass_7d,1008
compartment/heating_lower_circuit/pipe_temperature,compartment/humidity_deficit,2,6,30,0.2,-0.029970977992504994,288,0.1,0.1,False,144,20260211,,,,True,30,30,3,1,delta_mass_7d,1008
compartment/leaf_temperature,compartment/leaf_temperature,3,6,30,0.2,0.041161812691849604,288,0.1,0.1,False,144,20260211,,,,True,30,30,3,1,delta_mass_7d,1008
compartment/screen_energy/screen_position,compartment/air_temperature,7,5,30,0.16666666666666666,0.020384496543878423,288,0.1,0.1,False,144,20260211,,,,True,30,30,3,1,delta_mass_7d,1008
substrate_bulk_ec_mean,substrate_relative_permittivity_mean,3,5,30,0.16666666666666666,-0.0518860891349411,288,0.1,0.1,False,144,20260211,,,,True,30,30,3,1,delta_mass_7d,1008
compartment/leaf_temperature,compartment/air_temperature,2,5,30,0.16666666666666666,-0.01608951465629455,288,0.1,0.1,False,144,20260211,,,,True,30,30,3,1,delta_mass_7d,1008
compartment/humidity_deficit,compartment/screen_blackout/screen_position,4,5,30,0.16666666666666666,-0.015176713250605465,288,0.1,0.1,False,144,20260211,,,,True,30,30,3,1,delta_mass_7d,1008
compartment/par,compartment/air_temperature,2,5,30,0.16666666666666666,0.014902754486675657,288,0.1,0.1,False,144,20260211,,,,True,30,30,3,1,delta_mass_7d,1008
compartment/heating_lower_circuit/pipe_temperature,compartment/humidity_deficit,5,5,30,0.16666666666666666,0.023140545461563942,288,0.1,0.1,False,144,20260211,,,,True,30,30,3,1,delta_mass_7d,1008
compartment/humidity_deficit,compartment/screen_energy/screen_position,7,5,30,0.16666666666666666,0.020871165547488104,288,0.1,0.1,False,144,20260211,,,,True,30,30,3,1,delta_mass_7d,1008
compartment/co2_concentration,compartment/window_position_lee_side,3,5,30,0.16666666666666666,-0.025449592628546337,288,0.1,0.1,False,144,20260211,,,,True,30,30,3,1,delta_mass_7d,1008
compartment/heating_lower_circuit/pipe_temperature,compartment/heating_lower_circuit/pipe_temperature,3,5,30,0.16666666666666666,0.030487434219548887,288,0.1,0.1,False,144,20260211,,,,True,30,30,3,1,delta_mass_7d,1008
compartment/heating_lower_circuit/pipe_temperature,energy/energy_use.heating,11,5,30,0.16666666666666666,-0.029531074403282547,288,0.1,0.1,False,144,20260211,,,,True,30,30,3,1,delta_mass_7d,1008
compartment/co2_concentration,compartment/window_position_wind_side,2,5,30,0.16666666666666666,0.02986269599988729,288,0.1,0.1,False,144,20260211,,,,True,30,30,3,1,delta_mass_7d,1008
compartment/heating_lower_circuit/pipe_temperature,energy/energy_use.heating,1,5,30,0.16666666666666666,0.08924372202184491,288,0.1,0.1,False,144,20260211,,,,True,30,30,3,1,delta_mass_7d,1008
compartment/screen_energy/screen_position,compartment/leaf_temperature,2,5,30,0.16666666666666666,-0.03962500022005437,288,0.1,0.1,False,144,20260211,,,,True,30,30,3,1,delta_mass_7d,1008
compartment/leaf_temperature,compartment/air_temperature,5,5,30,0.16666666666666666,0.0035699857083550104,288,0.1,0.1,False,144,20260211,,,,True,30,30,3,1,delta_mass_7d,1008
energy/co2_dosage,compartment/humidity_deficit,2,4,30,0.13333333333333333,-0.02835547615010943,288,0.1,0.1,False,144,20260211,,,,True,30,30,3,1,delta_mass_7d,1008
energy/energy_use.heating,compartment/heating_lower_circuit/pipe_temperature,5,4,30,0.13333333333333333,0.024565838855398637,288,0.1,0.1,False,144,20260211,,,,True,30,30,3,1,delta_mass_7d,1008
compartment/leaf_temperature,compartment/leaf_temperature,2,4,30,0.13333333333333333,0.01484604339546419,288,0.1,0.1,False,144,20260211,,,,True,30,30,3,1,delta_mass_7d,1008
compartment/screen_blackout/screen_position,compartment/air_temperature,7,4,30,0.13333333333333333,-0.02309335895286744,288,0.1,0.1,False,144,20260211,,,,True,30,30,3,1,delta_mass_7d,1008
compartment/humidity_deficit,compartment/screen_energy/screen_position,6,4,30,0.13333333333333333,0.0292165204042601,288,0.1,0.1,False,144,20260211,,,,True,30,30,3,1,delta_mass_7d,1008
substrate_temperature_mean,compartment/air_temperature,8,4,30,0.13333333333333333,-0.023933706326758362,288,0.1,0.1,False,144,20260211,,,,True,30,30,3,1,delta_mass_7d,1008
energy/electricity_use.lighting,compartment/co2_concentration,2,4,30,0.13333333333333333,0.02608506601383139,288,0.1,0.1,False,144,20260211,,,,True,30,30,3,1,delta_mass_7d,1008
compartment/screen_blackout/screen_position,compartment/screen_energy/screen_position,2,4,30,0.13333333333333333,0.021164610375335274,288,0.1,0.1,False,144,20260211,,,,True,30,30,3,1,delta_mass_7d,1008
compartment/window_position_lee_side,compartment/window_position_wind_side,2,4,30,0.13333333333333333,-0.03401942069708365,288,0.1,0.1,False,144,20260211,,,,True,30,30,3,1,delta_mass_7d,1008
compartment/window_position_lee_side,compartment/co2_concentration,1,4,30,0.13333333333333333,0.054974980828909614,288,0.1,0.1,False,144,20260211,,,,True,30,30,3,1,delta_mass_7d,1008
compartment/humidity_deficit,compartment/par,10,4,30,0.13333333333333333,-0.036358150038814374,288,0.1,0.1,False,144,20260211,,,,True,30,30,3,1,delta_mass_7d,1008
substrate_bulk_ec_mean,substrate_relative_permittivity_mean,1,4,30,0.13333333333333333,-0.012773911460550277,288,0.1,0.1,False,144,20260211,,,,True,30,30,3,1,delta_mass_7d,1008
compartment/co2_concentration,compartment/co2_concentration,3,4,30,0.13333333333333333,0.007546943007106447,288,0.1,0.1,False,144,20260211,,,,True,30,30,3,1,delta_mass_7d,1008
substrate_bulk_ec_mean,substrate_relative_permittivity_mean,2,4,30,0.13333333333333333,0.02602252699502847,288,0.1,0.1,False,144,20260211,,,,True,30,30,3,1,delta_mass_7d,1008
energy/energy_use.heating,compartment/humidity_deficit,7,4,30,0.13333333333333333,0.020723169138837434,288,0.1,0.1,False,144,20260211,,,,True,30,30,3,1,delta_mass_7d,1008
compartment/window_position_lee_side,compartment/co2_concentration,8,4,30,0.13333333333333333,0.028208942408948348,288,0.1,0.1,False,144,20260211,,,,True,30,30,3,1,delta_mass_7d,1008
compartment/air_temperature,compartment/humidity_deficit,4,4,30,0.13333333333333333,-0.023005821922757935,288,0.1,0.1,False,144,20260211,,,,True,30,30,3,1,delta_mass_7d,1008
compartment/water_supply/water_flow_duration,compartment/screen_blackout/screen_position,11,4,30,0.13333333333333333,-0.022097253176268133,288,0.1,0.1,False,144,20260211,,,,True,30,30,3,1,delta_mass_7d,1008
substrate_temperature_mean,compartment/air_temperature,3,3,30,0.1,-0.02349757286433557,288,0.1,0.1,False,144,20260211,,,,True,30,30,3,1,delta_mass_7d,1008
compartment/screen_blackout/screen_position,compartment/air_temperature,8,3,30,0.1,-0.02699969722209916,288,0.1,0.1,False,144,20260211,,,,True,30,30,3,1,delta_mass_7d,1008
energy/co2_dosage,compartment/humidity_deficit,1,3,30,0.1,0.04959042705441746,288,0.1,0.1,False,144,20260211,,,,True,30,30,3,1,delta_mass_7d,1008
compartment/heating_lower_circuit/pipe_temperature,energy/energy_use.heating,8,3,30,0.1,0.03550504653074804,288,0.1,0.1,False,144,20260211,,,,True,30,30,3,1,delta_mass_7d,1008
compartment/heating_lower_circuit/pipe_temperature,compartment/humidity_deficit,8,3,30,0.1,0.02564314238166436,288,0.1,0.1,False,144,20260211,,,,True,30,30,3,1,delta_mass_7d,1008
compartment/window_position_lee_side,compartment/co2_concentration,10,3,30,0.1,-0.027999227949359176,288,0.1,0.1,False,144,20260211,,,,True,30,30,3,1,delta_mass_7d,1008
substrate_relative_permittivity_mean,substrate_relative_permittivity_mean,3,3,30,0.1,-0.09434457586666072,288,0.1,0.1,False,144,20260211,,,,True,30,30,3,1,delta_mass_7d,1008
substrate_bulk_ec_mean,substrate_relative_permittivity_mean,4,3,30,0.1,0.033555349781107295,288,0.1,0.1,False,144,20260211,,,,True,30,30,3,1,delta_mass_7d,1008
compartment/air_temperature,compartment/leaf_temperature,4,3,30,0.1,0.025707860378196484,288,0.1,0.1,False,144,20260211,,,,True,30,30,3,1,delta_mass_7d,1008
compartment/co2_concentration,compartment/window_position_wind_side,4,3,30,0.1,0.032581509493194924,288,0.1,0.1,False,144,20260211,,,,True,30,30,3,1,delta_mass_7d,1008
substrate_temperature_mean,compartment/leaf_temperature,2,3,30,0.1,-0.022052322917027464,288,0.1,0.1,False,144,20260211,,,,True,30,30,3,1,delta_mass_7d,1008
energy/electricity_use.lighting,compartment/screen_blackout/screen_position,12,3,30,0.1,-0.019898899602047403,288,0.1,0.1,False,144,20260211,,,,True,30,30,3,1,delta_mass_7d,1008
compartment/leaf_temperature,compartment/air_temperature,12,3,30,0.1,-0.02078712954578194,288,0.1,0.1,False,144,20260211,,,,True,30,30,3,1,delta_mass_7d,1008
compartment/screen_energy/screen_position,compartment/air_temperature,8,3,30,0.1,0.008414564793637117,288,0.1,0.1,False,144,20260211,,,,True,30,30,3,1,delta_mass_7d,1008
compartment/screen_energy/screen_position,compartment/air_temperature,9,3,30,0.1,0.023404772848876237,288,0.1,0.1,False,144,20260211,,,,True,30,30,3,1,delta_mass_7d,1008
compartment/window_position_lee_side,compartment/co2_concentration,9,3,30,0.1,-0.029717591274806502,288,0.1,0.1,False,144,20260211,,,,True,30,30,3,1,delta_mass_7d,1008
energy/energy_use.heating,compartment/humidity_deficit,6,3,30,0.1,0.02522805639073804,288,0.1,0.1,False,144,20260211,,,,True,30,30,3,1,delta_mass_7d,1008
compartment/humidity_deficit,compartment/screen_blackout/screen_position,2,3,30,0.1,-0.011125789661357811,288,0.1,0.1,False,144,20260211,,,,True,30,30,3,1,delta_mass_7d,1008
energy/electricity_use.lighting,energy/electricity_use.lighting,3,3,30,0.1,0.009842869922906375,288,0.1,0.1,False,144,20260211,,,,True,30,30,3,1,delta_mass_7d,1008
compartment/screen_blackout/screen_position,compartment/screen_energy/screen_position,1,3,30,0.1,-0.007056547803962418,288,0.1,0.1,False,144,20260211,,,,True,30,30,3,1,delta_mass_7d,1008
compartment/window_position_wind_side,compartment/window_position_lee_side,5,3,30,0.1,-0.003898114161332156,288,0.1,0.1,False,144,20260211,,,,True,30,30,3,1,delta_mass_7d,1008
compartment/par,compartment/humidity_deficit,8,3,30,0.1,-0.010213209756922487,288,0.1,0.1,False,144,20260211,,,,True,30,30,3,1,delta_mass_7d,1008
compartment/heating_lower_circuit/pipe_temperature,compartment/humidity_deficit,7,3,30,0.1,0.019587462147156422,288,0.1,0.1,False,144,20260211,,,,True,30,30,3,1,delta_mass_7d,1008
energy/energy_use.heating,compartment/heating_lower_circuit/pipe_temperature,1,3,30,0.1,-0.03113678171555094,288,0.1,0.1,False,144,20260211,,,,True,30,30,3,1,delta_mass_7d,1008
compartment/window_position_lee_side,compartment/air_temperature,4,3,30,0.1,-0.02342734319214664,288,0.1,0.1,False,144,20260211,,,,True,30,30,3,1,delta_mass_7d,1008
energy/electricity_use.lighting,substrate_temperature_mean,11,2,30,0.06666666666666667,0.0007926497315140901,288,0.1,0.1,False,144,20260211,,,,True,30,30,3,1,delta_mass_7d,1008
compartment/screen_energy/screen_position,substrate_temperature_mean,1,2,30,0.06666666666666667,0.05360456834694609,288,0.1,0.1,False,144,20260211,,,,True,30,30,3,1,delta_mass_7d,1008
compartment/humidity_deficit,compartment/air_temperature,2,2,30,0.06666666666666667,-0.024067699943863312,288,0.1,0.1,False,144,20260211,,,,True,30,30,3,1,delta_mass_7d,1008
compartment/window_position_lee_side,compartment/co2_concentration,11,2,30,0.06666666666666667,0.023923746235821067,288,0.1,0.1,False,144,20260211,,,,True,30,30,3,1,delta_mass_7d,1008
compartment/humidity_deficit,compartment/screen_blackout/screen_position,3,2,30,0.06666666666666667,-0.041565459180449404,288,0.1,0.1,False,144,20260211,,,,True,30,30,3,1,delta_mass_7d,1008
compartment/humidity_deficit,compartment/par,5,2,30,0.06666666666666667,-0.051954426803163686,288,0.1,0.1,False,144,20260211,,,,True,30,30,3,1,delta_mass_7d,1008
compartment/humidity_deficit,compartment/screen_energy/screen_position,3,2,30,0.06666666666666667,-0.004860217163228727,288,0.1,0.1,False,144,20260211,,,,True,30,30,3,1,delta_mass_7d,1008
compartment/co2_concentration,compartment/window_position_wind_side,3,2,30,0.06666666666666667,0.02292079935080859,288,0.1,0.1,False,144,20260211,,,,True,30,30,3,1,delta_mass_7d,1008
compartment/window_position_lee_side,compartment/window_position_wind_side,5,2,30,0.06666666666666667,-0.03535153385184926,288,0.1,0.1,False,144,20260211,,,,True,30,30,3,1,delta_mass_7d,1008
compartment/par,compartment/leaf_temperature,1,2,30,0.06666666666666667,0.07259943852342804,288,0.1,0.1,False,144,20260211,,,,True,30,30,3,1,delta_mass_7d,1008
compartment/screen_blackout/screen_position,compartment/air_temperature,6,2,30,0.06666666666666667,-0.029440000917381526,288,0.1,0.1,False,144,20260211,,,,True,30,30,3,1,delta_mass_7d,1008
compartment/air_temperature,compartment/humidity_deficit,2,2,30,0.06666666666666667,0.11912877317976658,288,0.1,0.1,False,144,20260211,,,,True,30,30,3,1,delta_mass_7d,1008
energy/co2_dosage,compartment/screen_energy/screen_position,5,2,30,0.06666666666666667,-0.003645745936013089,288,0.1,0.1,False,144,20260211,,,,True,30,30,3,1,delta_mass_7d,1008
substrate_temperature_mean,compartment/leaf_temperature,11,2,30,0.06666666666666667,0.002151559097005415,288,0.1,0.1,False,144,20260211,,,,True,30,30,3,1,delta_mass_7d,1008
compartment/window_position_wind_side,compartment/leaf_temperature,2,2,30,0.06666666666666667,-0.026207540507442083,288,0.1,0.1,False,144,20260211,,,,True,30,30,3,1,delta_mass_7d,1008
compartment/leaf_temperature,compartment/air_temperature,9,2,30,0.06666666666666667,-0.033101245791774356,288,0.1,0.1,False,144,20260211,,,,True,30,30,3,1,delta_mass_7d,1008
energy/electricity_use.lighting,compartment/par,2,2,30,0.06666666666666667,-0.021532845072283376,288,0.1,0.1,False,144,20260211,,,,True,30,30,3,1,delta_mass_7d,1008
compartment/air_temperature,compartment/leaf_temperature,12,2,30,0.06666666666666667,0.00145895309076945,288,0.1,0.1,False,144,20260211,,,,True,30,30,3,1,delta_mass_7d,1008
compartment/par,compartment/air_temperature,4,2,30,0.06666666666666667,-5.5968958457691675e-06,288,0.1,0.1,False,144,20260211,,,,True,30,30,3,1,delta_mass_7d,1008
compartment/window_position_wind_side,compartment/air_temperature,10,2,30,0.06666666666666667,-0.029579579580027663,288,0.1,0.1,False,144,20260211,,,,True,30,30,3,1,delta_mass_7d,1008
compartment/window_position_lee_side,compartment/co2_concentration,6,2,30,0.06666666666666667,-0.025024087784591496,288,0.1,0.1,False,144,20260211,,,,True,30,30,3,1,delta_mass_7d,1008
energy/electricity_use.lighting,compartment/par,1,2,30,0.06666666666666667,-0.02641654128017909,288,0.1,0.1,False,144,20260211,,,,True,30,30,3,1,delta_mass_7d,1008
energy/co2_dosage,compartment/screen_energy/screen_position,2,2,30,0.06666666666666667,-0.02997072769201375,288,0.1,0.1,False,144,20260211,,,,True,30,30,3,1,delta_mass_7d,1008
compartment/window_position_wind_side,compartment/window_position_lee_side,1,2,30,0.06666666666666667,-0.004239458538623404,288,0.1,0.1,False,144,20260211,,,,True,30,30,3,1,delta_mass_7d,1008
compartment/co2_concentration,compartment/window_position_wind_side,6,2,30,0.06666666666666667,0.023979052880051522,288,0.1,0.1,False,144,20260211,,,,True,30,30,3,1,delta_mass_7d,1008
compartment/air_temperature,compartment/leaf_temperature,5,2,30,0.06666666666666667,0.04218527303863989,288,0.1,0.1,False,144,20260211,,,,True,30,30,3,1,delta_mass_7d,1008
energy/energy_use.heating,compartment/screen_blackout/screen_position,7,2,30,0.06666666666666667,-0.024274518815419865,288,0.1,0.1,False,144,20260211,,,,True,30,30,3,1,delta_mass_7d,1008
compartment/humidity_deficit,compartment/air_temperature,1,2,30,0.06666666666666667,0.1045511863046143,288,0.1,0.1,False,144,20260211,,,,True,30,30,3,1,delta_mass_7d,1008
compartment/par,compartment/air_temperature,5,2,30,0.06666666666666667,-0.01798505973460946,288,0.1,0.1,False,144,20260211,,,,True,30,30,3,1,delta_mass_7d,1008
compartment/window_position_lee_side,compartment/air_temperature,3,2,30,0.06666666666666667,-0.0028314627235462003,288,0.1,0.1,False,144,20260211,,,,True,30,30,3,1,delta_mass_7d,1008
energy/co2_dosage,compartment/par,6,2,30,0.06666666666666667,0.019910646147349036,288,0.1,0.1,False,144,20260211,,,,True,30,30,3,1,delta_mass_7d,1008
compartment/par,energy/co2_dosage,4,2,30,0.06666666666666667,-0.02736613088762413,288,0.1,0.1,False,144,20260211,,,,True,30,30,3,1,delta_mass_7d,1008
compartment/humidity_deficit,compartment/air_temperature,7,2,30,0.06666666666666667,0.03331499286767215,288,0.1,0.1,False,144,20260211,,,,True,30,30,3,1,delta_mass_7d,1008
compartment/par,compartment/humidity_deficit,7,2,30,0.06666666666666667,0.03615003949916581,288,0.1,0.1,False,144,20260211,,,,True,30,30,3,1,delta_mass_7d,1008
compartment/window_position_wind_side,compartment/window_position_lee_side,11,2,30,0.06666666666666667,0.02483031274157861,288,0.1,0.1,False,144,20260211,,,,True,30,30,3,1,delta_mass_7d,1008
compartment/window_position_lee_side,compartment/window_position_wind_side,11,2,30,0.06666666666666667,0.022381278898157886,288,0.1,0.1,False,144,20260211,,,,True,30,30,3,1,delta_mass_7d,1008
compartment/water_supply/water_flow_duration,compartment/humidity_deficit,7,2,30,0.06666666666666667,0.02255522305093698,288,0.1,0.1,False,144,20260211,,,,True,30,30,3,1,delta_mass_7d,1008
energy/electricity_use.lighting,substrate_temperature_mean,12,2,30,0.06666666666666667,-0.02170451693551946,288,0.1,0.1,False,144,20260211,,,,True,30,30,3,1,delta_mass_7d,1008
energy/energy_use.heating,compartment/heating_lower_circuit/pipe_temperature,4,2,30,0.06666666666666667,-0.04084459508525967,288,0.1,0.1,False,144,20260211,,,,True,30,30,3,1,delta_mass_7d,1008
substrate_temperature_mean,compartment/leaf_temperature,10,2,30,0.06666666666666667,-0.020855234232371435,288,0.1,0.1,False,144,20260211,,,,True,30,30,3,1,delta_mass_7d,1008
compartment/screen_blackout/screen_position,compartment/screen_energy/screen_position,4,2,30,0.06666666666666667,-0.02869007494959551,288,0.1,0.1,False,144,20260211,,,,True,30,30,3,1,delta_mass_7d,1008
compartment/leaf_temperature,compartment/air_temperature,7,2,30,0.06666666666666667,0.002995167092147916,288,0.1,0.1,False,144,20260211,,,,True,30,30,3,1,delta_mass_7d,1008
compartment/screen_energy/screen_position,substrate_temperature_mean,4,1,30,0.03333333333333333,-0.033857313736487135,288,0.1,0.1,False,144,20260211,,,,True,30,30,3,1,delta_mass_7d,1008
compartment/water_supply/water_flow_duration,compartment/humidity_deficit,8,1,30,0.03333333333333333,0.02145710281580378,288,0.1,0.1,False,144,20260211,,,,True,30,30,3,1,delta_mass_7d,1008
energy/co2_dosage,compartment/humidity_deficit,8,1,30,0.03333333333333333,0.020680077002125076,288,0.1,0.1,False,144,20260211,,,,True,30,30,3,1,delta_mass_7d,1008
energy/co2_dosage,compartment/humidity_deficit,9,1,30,0.03333333333333333,-0.02239004122502142,288,0.1,0.1,False,144,20260211,,,,True,30,30,3,1,delta_mass_7d,1008
energy/co2_dosage,compartment/par,11,1,30,0.03333333333333333,0.0223139444979742,288,0.1,0.1,False,144,20260211,,,,True,30,30,3,1,delta_mass_7d,1008
compartment/par,energy/co2_dosage,7,1,30,0.03333333333333333,0.05131116649664944,288,0.1,0.1,False,144,20260211,,,,True,30,30,3,1,delta_mass_7d,1008
compartment/window_position_wind_side,compartment/window_position_lee_side,3,1,30,0.03333333333333333,-0.01770941324037508,288,0.1,0.1,False,144,20260211,,,,True,30,30,3,1,delta_mass_7d,1008
compartment/co2_concentration,compartment/window_position_wind_side,5,1,30,0.03333333333333333,-0.02914154468045261,288,0.1,0.1,False,144,20260211,,,,True,30,30,3,1,delta_mass_7d,1008
energy/energy_use.heating,compartment/heating_lower_circuit/pipe_temperature,12,1,30,0.03333333333333333,0.021208021749838876,288,0.1,0.1,False,144,20260211,,,,True,30,30,3,1,delta_mass_7d,1008
compartment/water_supply/water_flow_duration,substrate_bulk_ec_mean,5,1,30,0.03333333333333333,0.02235874776883752,288,0.1,0.1,False,144,20260211,,,,True,30,30,3,1,delta_mass_7d,1008
compartment/leaf_temperature,compartment/screen_energy/screen_position,5,1,30,0.03333333333333333,-0.017288450069634607,288,0.1,0.1,False,144,20260211,,,,True,30,30,3,1,delta_mass_7d,1008
energy/energy_use.heating,compartment/screen_blackout/screen_position,6,1,30,0.03333333333333333,-0.02686613087228319,288,0.1,0.1,False,144,20260211,,,,True,30,30,3,1,delta_mass_7d,1008
substrate_temperature_mean,compartment/leaf_temperature,12,1,30,0.03333333333333333,-0.02382557224287414,288,0.1,0.1,False,144,20260211,,,,True,30,30,3,1,delta_mass_7d,1008
compartment/screen_energy/screen_position,compartment/humidity_deficit,5,1,30,0.03333333333333333,0.02985376664468742,288,0.1,0.1,False,144,20260211,,,,True,30,30,3,1,delta_mass_7d,1008
substrate_temperature_mean,compartment/air_temperature,6,1,30,0.03333333333333333,-0.01935876801501389,288,0.1,0.1,False,144,20260211,,,,True,30,30,3,1,delta_mass_7d,1008
compartment/window_position_wind_side,compartment/air_temperature,7,1,30,0.03333333333333333,-0.0234948228658231,288,0.1,0.1,False,144,20260211,,,,True,30,30,3,1,delta_mass_7d,1008
compartment/leaf_temperature,compartment/par,8,1,30,0.03333333333333333,-0.021963436685357773,288,0.1,0.1,False,144,20260211,,,,True,30,30,3,1,delta_mass_7d,1008
compartment/leaf_temperature,substrate_temperature_mean,5,1,30,0.03333333333333333,0.021514754935954002,288,0.1,0.1,False,144,20260211,,,,True,30,30,3,1,delta_mass_7d,1008
substrate_relative_permittivity_mean,compartment/heating_lower_circuit/pipe_temperature,9,1,30,0.03333333333333333,-0.015989997906992966,288,0.1,0.1,False,144,20260211,,,,True,30,30,3,1,delta_mass_7d,1008
compartment/window_position_wind_side,compartment/air_temperature,5,1,30,0.03333333333333333,0.022977818569251462,288,0.1,0.1,False,144,20260211,,,,True,30,30,3,1,delta_mass_7d,1008
compartment/window_position_wind_side,compartment/air_temperature,6,1,30,0.03333333333333333,-0.032476247940385575,288,0.1,0.1,False,144,20260211,,,,True,30,30,3,1,delta_mass_7d,1008
compartment/leaf_temperature,substrate_temperature_mean,2,1,30,0.03333333333333333,-0.03744680598205857,288,0.1,0.1,False,144,20260211,,,,True,30,30,3,1,delta_mass_7d,1008
compartment/window_position_lee_side,compartment/window_position_wind_side,6,1,30,0.03333333333333333,0.021043759300226107,288,0.1,0.1,False,144,20260211,,,,True,30,30,3,1,delta_mass_7d,1008
compartment/air_temperature,compartment/leaf_temperature,11,1,30,0.03333333333333333,0.03446753029887166,288,0.1,0.1,False,144,20260211,,,,True,30,30,3,1,delta_mass_7d,1008
compartment/heating_lower_circuit/pipe_temperature,compartment/humidity_deficit,6,1,30,0.03333333333333333,0.01630533995860404,288,0.1,0.1,False,144,20260211,,,,True,30,30,3,1,delta_mass_7d,1008
compartment/window_position_wind_side,compartment/co2_concentration,1,1,30,0.03333333333333333,0.04054256776883346,288,0.1,0.1,False,144,20260211,,,,True,30,30,3,1,delta_mass_7d,1008
substrate_relative_permittivity_mean,delta_mass_7d,1,1,30,0.03333333333333333,-0.02015105751683658,288,0.1,0.1,False,144,20260211,,,,True,30,30,3,1,delta_mass_7d,1008
compartment/window_position_lee_side,compartment/co2_concentration,5,1,30,0.03333333333333333,0.01988843118091425,288,0.1,0.1,False,144,20260211,,,,True,30,30,3,1,delta_mass_7d,1008
compartment/heating_lower_circuit/pipe_temperature,energy/energy_use.heating,9,1,30,0.03333333333333333,0.023160047794961253,288,0.1,0.1,False,144,20260211,,,,True,30,30,3,1,delta_mass_7d,1008
energy/energy_use.heating,compartment/heating_lower_circuit/pipe_temperature,9,1,30,0.03333333333333333,0.02745584395910311,288,0.1,0.1,False,144,20260211,,,,True,30,30,3,1,delta_mass_7d,1008
compartment/water_supply/water_flow_duration,compartment/humidity_deficit,12,1,30,0.03333333333333333,0.026751590339930145,288,0.1,0.1,False,144,20260211,,,,True,30,30,3,1,delta_mass_7d,1008
substrate_temperature_mean,compartment/air_temperature,10,1,30,0.03333333333333333,-0.021806160059540697,288,0.1,0.1,False,144,20260211,,,,True,30,30,3,1,delta_mass_7d,1008
compartment/leaf_temperature,substrate_temperature_mean,3,1,30,0.03333333333333333,-0.03967671931384755,288,0.1,0.1,False,144,20260211,,,,True,30,30,3,1,delta_mass_7d,1008
substrate_bulk_ec_mean,compartment/leaf_temperature,1,1,30,0.03333333333333333,-0.019000852147894768,288,0.1,0.1,False,144,20260211,,,,True,30,30,3,1,delta_mass_7d,1008
compartment/window_position_lee_side,compartment/leaf_temperature,1,1,30,0.03333333333333333,0.07181780204792196,288,0.1,0.1,False,144,20260211,,,,True,30,30,3,1,delta_mass_7d,1008
compartment/window_position_wind_side,compartment/leaf_temperature,1,1,30,0.03333333333333333,0.05772680527990379,288,0.1,0.1,False,144,20260211,,,,True,30,30,3,1,delta_mass_7d,1008
compartment/window_position_wind_side,compartment/leaf_temperature,4,1,30,0.03333333333333333,0.01838093213939622,288,0.1,0.1,False,144,20260211,,,,True,30,30,3,1,delta_mass_7d,1008
energy/co2_dosage,compartment/screen_energy/screen_position,6,1,30,0.03333333333333333,0.026987727460696605,288,0.1,0.1,False,144,20260211,,,,True,30,30,3,1,delta_mass_7d,1008
compartment/window_position_wind_side,compartment/window_position_lee_side,9,1,30,0.03333333333333333,0.020619541327316342,288,0.1,0.1,False,144,20260211,,,,True,30,30,3,1,delta_mass_7d,1008
compartment/window_position_lee_side,compartment/window_position_wind_side,9,1,30,0.03333333333333333,0.025601479824289994,288,0.1,0.1,False,144,20260211,,,,True,30,30,3,1,delta_mass_7d,1008
compartment/humidity_deficit,compartment/par,4,1,30,0.03333333333333333,-0.03920388939138321,288,0.1,0.1,False,144,20260211,,,,True,30,30,3,1,delta_mass_7d,1008
compartment/air_temperature,substrate_temperature_mean,1,1,30,0.03333333333333333,-0.08533962132056155,288,0.1,0.1,False,144,20260211,,,,True,30,30,3,1,delta_mass_7d,1008
compartment/co2_concentration,substrate_temperature_mean,5,1,30,0.03333333333333333,-0.031075177814195075,288,0.1,0.1,False,144,20260211,,,,True,30,30,3,1,delta_mass_7d,1008
compartment/heating_lower_circuit/pipe_temperature,energy/energy_use.heating,10,1,30,0.03333333333333333,0.03278659116314643,288,0.1,0.1,False,144,20260211,,,,True,30,30,3,1,delta_mass_7d,1008
compartment/heating_lower_circuit/pipe_temperature,energy/energy_use.heating,12,1,30,0.03333333333333333,0.024359610885387305,288,0.1,0.1,False,144,20260211,,,,True,30,30,3,1,delta_mass_7d,1008
substrate_bulk_ec_mean,delta_mass_7d,1,1,30,0.03333333333333333,0.019652594424911844,288,0.1,0.1,False,144,20260211,,,,True,30,30,3,1,delta_mass_7d,1008
delta_mass_7d,substrate_bulk_ec_mean,16,1,30,0.03333333333333333,-0.024825836516969842,288,0.1,0.1,False,144,20260211,,,,True,30,30,3,1,delta_mass_7d,1008
compartment/screen_blackout/screen_position,compartment/screen_energy/screen_position,3,1,30,0.03333333333333333,0.028286529835295553,288,0.1,0.1,False,144,20260211,,,,True,30,30,3,1,delta_mass_7d,1008
compartment/screen_blackout/screen_position,compartment/humidity_deficit,3,1,30,0.03333333333333333,0.02659939691889766,288,0.1,0.1,False,144,20260211,,,,True,30,30,3,1,delta_mass_7d,1008
compartment/humidity_deficit,compartment/par,12,1,30,0.03333333333333333,-0.04040050762619786,288,0.1,0.1,False,144,20260211,,,,True,30,30,3,1,delta_mass_7d,1008
substrate_relative_permittivity_mean,substrate_bulk_ec_mean,2,1,30,0.03333333333333333,0.03010433112555911,288,0.1,0.1,False,144,20260211,,,,True,30,30,3,1,delta_mass_7d,1008
energy/co2_dosage,compartment/screen_energy/screen_position,7,1,30,0.03333333333333333,-0.01738252056251363,288,0.1,0.1,False,144,20260211,,,,True,30,30,3,1,delta_mass_7d,1008
compartment/heating_lower_circuit/pipe_temperature,compartment/screen_blackout/screen_position,6,1,30,0.03333333333333333,0.05130938289389771,288,0.1,0.1,False,144,20260211,,,,True,30,30,3,1,delta_mass_7d,1008
compartment/window_position_wind_side,compartment/window_position_lee_side,6,1,30,0.03333333333333333,0.03212375675253292,288,0.1,0.1,False,144,20260211,,,,True,30,30,3,1,delta_mass_7d,1008
compartment/window_position_wind_side,compartment/window_position_lee_side,8,1,30,0.03333333333333333,-0.03671450034456879,288,0.1,0.1,False,144,20260211,,,,True,30,30,3,1,delta_mass_7d,1008
substrate_temperature_mean,compartment/air_temperature,9,1,30,0.03333333333333333,0.02892284055168665,288,0.1,0.1,False,144,20260211,,,,True,30,30,3,1,delta_mass_7d,1008
compartment/screen_blackout/screen_position,compartment/humidity_deficit,6,1,30,0.03333333333333333,0.018370485843637385,288,0.1,0.1,False,144,20260211,,,,True,30,30,3,1,delta_mass_7d,1008
compartment/humidity_deficit,compartment/par,7,1,30,0.03333333333333333,-0.03588607951119019,288,0.1,0.1,False,144,20260211,,,,True,30,30,3,1,delta_mass_7d,1008
compartment/water_supply/water_flow_duration,substrate_bulk_ec_mean,6,1,30,0.03333333333333333,0.017785609822973336,288,0.1,0.1,False,144,20260211,,,,True,30,30,3,1,delta_mass_7d,1008
compartment/par,energy/co2_dosage,6,1,30,0.03333333333333333,0.026046244496954668,288,0.1,0.1,False,144,20260211,,,,True,30,30,3,1,delta_mass_7d,1008
compartment/screen_blackout/screen_position,compartment/air_temperature,5,1,30,0.03333333333333333,-0.01751482282004754,288,0.1,0.1,False,144,20260211,,,,True,30,30,3,1,delta_mass_7d,1008
compartment/water_supply/water_flow_duration,energy/electricity_use.lighting,7,1,30,0.03333333333333333,-0.02010739649565093,288,0.1,0.1,False,144,20260211,,,,True,30,30,3,1,delta_mass_7d,1008
compartment/water_supply/water_flow_duration,compartment/humidity_deficit,6,1,30,0.03333333333333333,0.02550407391010786,288,0.1,0.1,False,144,20260211,,,,True,30,30,3,1,delta_mass_7d,1008
compartment/co2_concentration,substrate_temperature_mean,3,1,30,0.03333333333333333,-0.020730675179046185,288,0.1,0.1,False,144,20260211,,,,True,30,30,3,1,delta_mass_7d,1008
energy/electricity_use.lighting,substrate_temperature_mean,7,1,30,0.03333333333333333,0.038798849726349505,288,0.1,0.1,False,144,20260211,,,,True,30,30,3,1,delta_mass_7d,1008
compartment/window_position_lee_side,compartment/window_position_wind_side,10,1,30,0.03333333333333333,0.023466182390652922,288,0.1,0.1,False,144,20260211,,,,True,30,30,3,1,delta_mass_7d,1008
energy/energy_use.heating,compartment/humidity_deficit,8,1,30,0.03333333333333333,0.0257116859644628,288,0.1,0.1,False,144,20260211,,,,True,30,30,3,1,delta_mass_7d,1008
compartment/leaf_temperature,compartment/air_temperature,8,1,30,0.03333333333333333,-0.028686892577164565,288,0.1,0.1,False,144,20260211,,,,True,30,30,3,1,delta_mass_7d,1008
compartment/co2_concentration,substrate_temperature_mean,7,1,30,0.03333333333333333,-0.02177457763737547,288,0.1,0.1,False,144,20260211,,,,True,30,30,3,1,delta_mass_7d,1008
compartment/screen_blackout/screen_position,compartment/screen_energy/screen_position,5,1,30,0.03333333333333333,0.021541900333066452,288,0.1,0.1,False,144,20260211,,,,True,30,30,3,1,delta_mass_7d,1008
compartment/par,compartment/leaf_temperature,3,1,30,0.03333333333333333,-0.03130969137232117,288,0.1,0.1,False,144,20260211,,,,True,30,30,3,1,delta_mass_7d,1008
compartment/leaf_temperature,compartment/air_temperature,6,1,30,0.03333333333333333,0.021439964884040662,288,0.1,0.1,False,144,20260211,,,,True,30,30,3,1,delta_mass_7d,1008
compartment/screen_blackout/screen_position,compartment/air_temperature,10,1,30,0.03333333333333333,0.01917679855511046,288,0.1,0.1,False,144,20260211,,,,True,30,30,3,1,delta_mass_7d,1008
energy/electricity_use.lighting,substrate_temperature_mean,8,1,30,0.03333333333333333,-0.019693136106711,288,0.1,0.1,False,144,20260211,,,,True,30,30,3,1,delta_mass_7d,1008
compartment/humidity_deficit,compartment/screen_energy/screen_position,4,1,30,0.03333333333333333,-0.01980000350298855,288,0.1,0.1,False,144,20260211,,,,True,30,30,3,1,delta_mass_7d,1008
compartment/co2_concentration,substrate_temperature_mean,11,1,30,0.03333333333333333,-0.017707545688308922,288,0.1,0.1,False,144,20260211,,,,True,30,30,3,1,delta_mass_7d,1008
compartment/screen_blackout/screen_position,compartment/humidity_deficit,4,1,30,0.03333333333333333,-0.017419520681533573,288,0.1,0.1,False,144,20260211,,,,True,30,30,3,1,delta_mass_7d,1008
compartment/water_supply/water_flow_duration,energy/electricity_use.lighting,8,1,30,0.03333333333333333,-0.036414044016223085,288,0.1,0.1,False,144,20260211,,,,True,30,30,3,1,delta_mass_7d,1008
compartment/window_position_wind_side,compartment/window_position_lee_side,7,1,30,0.03333333333333333,0.019352599273080633,288,0.1,0.1,False,144,20260211,,,,True,30,30,3,1,delta_mass_7d,1008
compartment/screen_blackout/screen_position,compartment/air_temperature,9,1,30,0.03333333333333333,0.016490398561794396,288,0.1,0.1,False,144,20260211,,,,True,30,30,3,1,delta_mass_7d,1008
energy/co2_dosage,compartment/humidity_deficit,6,1,30,0.03333333333333333,0.021016022111262977,288,0.1,0.1,False,144,20260211,,,,True,30,30,3,1,delta_mass_7d,1008
compartment/water_supply/water_flow_duration,compartment/humidity_deficit,9,1,30,0.03333333333333333,0.017892384661882973,288,0.1,0.1,False,144,20260211,,,,True,30,30,3,1,delta_mass_7d,1008
substrate_relative_permittivity_mean,substrate_bulk_ec_mean,4,1,30,0.03333333333333333,0.04051413602974383,288,0.1,0.1,False,144,20260211,,,,True,30,30,3,1,delta_mass_7d,1008
substrate_relative_permittivity_mean,substrate_bulk_ec_mean,5,1,30,0.03333333333333333,0.10315616713706385,288,0.1,0.1,False,144,20260211,,,,True,30,30,3,1,delta_mass_7d,1008
substrate_bulk_ec_mean,substrate_bulk_ec_mean,3,1,30,0.03333333333333333,0.03782623681391801,288,0.1,0.1,False,144,20260211,,,,True,30,30,3,1,delta_mass_7d,1008
compartment/water_supply/water_flow_duration,energy/electricity_use.lighting,3,1,30,0.03333333333333333,0.020168669583564242,288,0.1,0.1,False,144,20260211,,,,True,30,30,3,1,delta_mass_7d,1008
compartment/water_supply/water_flow_duration,energy/electricity_use.lighting,9,1,30,0.03333333333333333,-0.026179303000450592,288,0.1,0.1,False,144,20260211,,,,True,30,30,3,1,delta_mass_7d,1008
energy/electricity_use.lighting,compartment/co2_concentration,3,1,30,0.03333333333333333,-0.017643550050133277,288,0.1,0.1,False,144,20260211,,,,True,30,30,3,1,delta_mass_7d,1008
compartment/window_position_lee_side,compartment/co2_concentration,4,1,30,0.03333333333333333,-0.036908744929041254,288,0.1,0.1,False,144,20260211,,,,True,30,30,3,1,delta_mass_7d,1008
delta_mass_7d,substrate_bulk_ec_mean,1,1,30,0.03333333333333333,0.025955571461779882,288,0.1,0.1,False,144,20260211,,,,True,30,30,3,1,delta_mass_7d,1008
compartment/heating_lower_circuit/pipe_temperature,energy/energy_use.heating,3,1,30,0.03333333333333333,-0.03186119970113408,288,0.1,0.1,False,144,20260211,,,,True,30,30,3,1,delta_mass_7d,1008
energy/energy_use.heating,compartment/screen_blackout/screen_position,5,1,30,0.03333333333333333,-0.030382290784892477,288,0.1,0.1,False,144,20260211,,,,True,30,30,3,1,delta_mass_7d,1008
energy/co2_dosage,compartment/screen_blackout/screen_position,2,1,30,0.03333333333333333,0.016438269575412414,288,0.1,0.1,False,144,20260211,,,,True,30,30,3,1,delta_mass_7d,1008
